[
  {
    "branchCode": "531774",
    "latitude": "19.086441",
    "longitude": "72.89455",
    "branchName": "KURLA MUMBAI",
    "workingHours": "10:00am to 4:00pm",
    "status": true,
    "contactNumber": "022-21028147",
    "workingDays": "Monday to Friday, 1st, 3rd and 5th Saturday",
    "distance": "2.117364209410344",
    "address": "KURLA IND ESATAESAHAKAR BHAVAN KURLAnull",
    "city": "MUMBAI"
  },
  {
    "branchCode": "558346",
    "latitude": "19.069567",
    "longitude": "72.896845",
    "branchName": "TILAK NAGAR",
    "workingHours": "10:00am to 4:00pm",
    "status": true,
    "contactNumber": "022-65294644",
    "workingDays": "Monday to Friday, 1st, 3rd and 5th Saturday",
    "distance": "2.1353394749264156",
    "address": "1 BHAKTI RESIDENCY NDR26 TILAKNAGAR CHEMBURnull",
    "city": "MUMBAI"
  },
  {
    "branchCode": "933180",
    "latitude": "19.094906",
    "longitude": "72.886527",
    "branchName": "MUMBAI-SAKINAKA",
    "workingHours": "10:00am to 4:00pm",
    "status": true,
    "contactNumber": null,
    "workingDays": "Monday to Friday, 1st, 3rd and 5th Saturday",
    "distance": "2.2977898591128225",
    "address": "UNIT NO 6 AND 7 MILLENNIUM PLAZAPREMISES CMS NEW LINK ROADSAFED POOL ANDHERI, MUMBAI",
    "city": "MUMBAI"
  },
  {
    "branchCode": "531634",
    "latitude": "19.054367",
    "longitude": "72.890193",
    "branchName": "CHEMBUR(W), MUMBAI",
    "workingHours": "10:00am to 4:00pm",
    "status": true,
    "contactNumber": "022-25275827",
    "workingDays": "Monday to Friday, 1st, 3rd and 5th Saturday",
    "distance": "2.740473677869433",
    "address": "G1,GROUND FLOOR,EASTERN COURT BUILDINGV.N PURAV MARG, SION TROMBAY ROAD, CHEMBURnull",
    "city": "MUMBAI"
  },
  {
    "branchCode": "563684",
    "latitude": "19.059539",
    "longitude": "72.898411",
    "branchName": "STATION ROAD CHEMBUR",
    "workingHours": "10:00am to 4:00pm",
    "status": true,
    "contactNumber": "022-25288397",
    "workingDays": "Monday to Friday, 1st, 3rd and 5th Saturday",
    "distance": "2.8439203792483876",
    "address": "SWASTIK PRIDE,GR FLDK SANDHU MARGnull",
    "city": "MUMBAI"
  },
  {
    "branchCode": "590070",
    "latitude": "19.059553",
    "longitude": "72.898495",
    "branchName": "LCB III",
    "workingHours": "10:00am to 4:00pm",
    "status": true,
    "contactNumber": "9013061285",
    "workingDays": "Monday to Friday, 1st, 3rd and 5th Saturday",
    "distance": "2.849683118580336",
    "address": "UNION BANK OF INDIA BUILDING, GROUND FLOOR,OPP. SUGUN MULTISPECIALITY HOSPITAL,MILITARY ROAD, MAROL, ANDHERI (EAST)",
    "city": "MUMBAI"
  },
  {
    "branchCode": "531693",
    "latitude": "19.082447",
    "longitude": "72.904278",
    "branchName": "GHATKOPAR, MUMBAI",
    "workingHours": "10:00am to 4:00pm",
    "status": true,
    "contactNumber": "022-25275827",
    "workingDays": "Monday to Friday, 1st, 3rd and 5th Saturday",
    "distance": "2.8835268100061215",
    "address": "SILVER COURT,1ST FLOORM G ROAD, GHATKOPAR Enull",
    "city": "MUMBAI"
  },
  {
    "branchCode": "563536",
    "latitude": "19.06007",
    "longitude": "72.85278",
    "branchName": "BANDRA EAST",
    "workingHours": "10:00am to 4:00pm",
    "status": true,
    "contactNumber": "022-26571421",
    "workingDays": "Monday to Friday, 1st, 3rd and 5th Saturday",
    "distance": "3.161718338560879",
    "address": "RENUKA CO-OP HSG SO.BEHIND GURU NANAK HOSPnull",
    "city": "MUMBAI"
  },
  {
    "branchCode": "539805",
    "latitude": "19.074312",
    "longitude": "72.908995",
    "branchName": "GARODIA NAGAR GHATKOPAR MUMBAI",
    "workingHours": "10:00am to 4:00pm",
    "status": true,
    "contactNumber": "022-25062495DFX",
    "workingDays": "Monday to Friday, 1st, 3rd and 5th Saturday",
    "distance": "3.294121166792299",
    "address": "149 GARODIA SHOPPIN CEGHATKOPAR EASTnull",
    "city": "MUMBAI"
  },
  {
    "branchCode": "576255",
    "latitude": "19.076949",
    "longitude": "72.84241",
    "branchName": "SANTACRUZ EAST",
    "workingHours": "10:00am to 4:00pm",
    "status": true,
    "contactNumber": "022-26194659",
    "workingDays": "Monday to Friday, 1st, 3rd and 5th Saturday",
    "distance": "3.7100725850137444",
    "address": "SHOP NO B1/B2,SPRINGTIME CHS LTD,JUNCT 7*3null",
    "city": "MUMBAI"
  },
  {
    "branchCode": "921301",
    "latitude": "19.08261",
    "longitude": "72.841802",
    "branchName": "MUMBAI-JUHU",
    "workingHours": "10:00am to 4:00pm",
    "status": true,
    "contactNumber": null,
    "workingDays": "Monday to Friday, 1st, 3rd and 5th Saturday",
    "distance": "3.843335977741755",
    "address": "SADHANA EDUCATION SOCIETYJUHU RELIEF ROAD,JUHU, SANTACRUZ(WEST), MUMBAI",
    "city": "MUMBAI"
  },
  {
    "branchCode": "531936",
    "latitude": "19.041458",
    "longitude": "72.87222",
    "branchName": "SION (E), MUMBAI",
    "workingHours": "10:00am to 4:00pm",
    "status": true,
    "contactNumber": "022-24026853",
    "workingDays": "Monday to Friday, 1st, 3rd and 5th Saturday",
    "distance": "3.883836998632284",
    "address": "169/B NEW SUNITA APARTSION EASTnull",
    "city": "MUMBAI"
  },
  {
    "branchCode": "934348",
    "latitude": "19.041874",
    "longitude": "72.865267",
    "branchName": "MUMBAI-SION",
    "workingHours": "10:00am to 4:00pm",
    "status": true,
    "contactNumber": "022-27692013",
    "workingDays": "Monday to Friday, 1st, 3rd and 5th Saturday",
    "distance": "4.013321659727084",
    "address": "GROUND FLOOR, KALPATARU POINT,RD NO8,OPP PVR CINEMAS, NEAR SION CIRCLE, SION(EAST),MUMBAI",
    "city": "MUMBAI"
  },
  {
    "branchCode": "556408",
    "latitude": "19.044226",
    "longitude": "72.855971",
    "branchName": "DHARAVI, MUMBAI",
    "workingHours": "10:00am to 4:00pm",
    "status": true,
    "contactNumber": "022-24023869",
    "workingDays": "Monday to Friday, 1st, 3rd and 5th Saturday",
    "distance": "4.206911025282714",
    "address": "82/H GOLD FILLED PLAZASION-BANDRALINK RD,  Dnull",
    "city": "MUMBAI"
  },
  {
    "branchCode": "914657",
    "latitude": "19.045611",
    "longitude": "72.853702",
    "branchName": "MUMBAI-DHARAVI MICRO FIN",
    "workingHours": "10:00am to 4:00pm",
    "status": true,
    "contactNumber": "022-24097472",
    "workingDays": "Monday to Friday, 1st, 3rd and 5th Saturday",
    "distance": "4.216584029422889",
    "address": "KINGDOM BUILDING, FORMERLY WESTERNINDIA TANNERIES BLDNG,2A,DHARAVI RDMAHIM (EAST), MUMBAI",
    "city": "MUMBAI"
  },
  {
    "branchCode": "531928",
    "latitude": "19.077009",
    "longitude": "72.837519",
    "branchName": "SANTACRUZ (W), MUMBAI",
    "workingHours": "10:00am to 4:00pm",
    "status": true,
    "contactNumber": "022-26488715",
    "workingDays": "Monday to Friday, 1st, 3rd and 5th Saturday",
    "distance": "4.224048751322578",
    "address": "LA-AVANTIS V ROAD, SANTACRUZ(W)null",
    "city": "MUMBAI"
  },
  {
    "branchCode": "531979",
    "latitude": "19.09932",
    "longitude": "72.845809",
    "branchName": "VILEPARLE(EAST), MUMBAI",
    "workingHours": "10:00am to 4:00pm",
    "status": true,
    "contactNumber": "022-26103774",
    "workingDays": "Monday to Friday, 1st, 3rd and 5th Saturday",
    "distance": "4.237238862767439",
    "address": "SAHJEEVAN, SHRADHANANDROAD, VILEPARLE (EAST)null",
    "city": "MUMBAI"
  },
  {
    "branchCode": "531766",
    "latitude": "19.06799",
    "longitude": "72.83808",
    "branchName": "KHAR WEST",
    "workingHours": "10:00am to 4:00pm",
    "status": true,
    "contactNumber": "022-26480802",
    "workingDays": "Monday to Friday, 1st, 3rd and 5th Saturday",
    "distance": "4.257914520139668",
    "address": "PINKY PLAZA, 1ST FLOOR5TH ROAD, KHAR (WEST)null",
    "city": "MUMBAI"
  },
  {
    "branchCode": "558222",
    "latitude": "19.100894",
    "longitude": "72.911127",
    "branchName": "AMRUT NAGAR GHATKOPAR (W)",
    "workingHours": "10:00am to 4:00pm",
    "status": true,
    "contactNumber": "022-25003324",
    "workingDays": "Monday to Friday, 1st, 3rd and 5th Saturday",
    "distance": "4.472161111348176",
    "address": "SHOP NO 3,4,5,6,USHA VPLT NO B2 GHATKOPARnull",
    "city": "MUMBAI"
  },
  {
    "branchCode": "546925",
    "latitude": "19.10791",
    "longitude": "72.8497",
    "branchName": "VILE PARLE(E) TEJPAL SCHEME",
    "workingHours": "10:00am to 4:00pm",
    "status": true,
    "contactNumber": "022-26827957",
    "workingDays": "Monday to Friday, 1st, 3rd and 5th Saturday",
    "distance": "4.609391233021299",
    "address": "POORVA, TEJPAL SCHEMEROAD NO3 VILE PARLEnull",
    "city": "MUMBAI"
  },
  {
    "branchCode": "555843",
    "latitude": "19.118721",
    "longitude": "72.880588",
    "branchName": "SAKI NAKA",
    "workingHours": "10:00am to 4:00pm",
    "status": true,
    "contactNumber": "022-28515372",
    "workingDays": "Monday to Friday, 1st, 3rd and 5th Saturday",
    "distance": "4.760041151543029",
    "address": "UNIT NO 8 AND 9, SILVER SATELLITE BUILDINGANDHERI-KURLA ROAD, NEAR MAROL NAKA METRO STNANDHERI EAST, MUMBAI",
    "city": "MUMBAI"
  },
  {
    "branchCode": "545031",
    "latitude": "19.11884",
    "longitude": "72.880599",
    "branchName": "MAROL BHAVANI NAGAR MUMBAI",
    "workingHours": "10:00am to 4:00pm",
    "status": true,
    "contactNumber": "022-29259985",
    "workingDays": "Monday to Friday, 1st, 3rd and 5th Saturday",
    "distance": "4.7733201195496004",
    "address": "MAROL MAROSHI ROADANDHERI (E)null",
    "city": "MUMBAI"
  },
  {
    "branchCode": "541451",
    "latitude": "19.05947",
    "longitude": "72.83519",
    "branchName": "TURNER ROAD BANDRA",
    "workingHours": "10:00am to 4:00pm",
    "status": true,
    "contactNumber": "022-26422034",
    "workingDays": "Monday to Friday, 1st, 3rd and 5th Saturday",
    "distance": "4.830879967724391",
    "address": "191 LAXMI APT TURNERROAD, BANDRAnull",
    "city": "MUMBAI"
  }
]