[{"atmId":"AMUM04201111111","branchName":null,"city":"MUMBAI SUBURBAN","latitude":"19.08707","longitude":"72.89446","location":"KURLA","address":"\"KURLA BR, KURLA IND. ESTATE,\"\"SAHAKAR BHAVAN\"\"\"","distance":"2.1487461252412414","status":true,"pincode":null,"workingdays":"Monday to Sunday","workinghrs":"07:00am to 11:00pm"},{"atmId":"OMUM01201111111","branchName":null,"city":"MUMBAI SUBURBAN","latitude":"19.06852","longitude":"72.897289","location":"TILAKNAGARCHEMBURBR","address":"Siddhivinayak chs, shop no. 3, plot no. 19, tilaknagar","distance":"2.2203031631701937","status":true,"pincode":null,"workingdays":"Monday to Sunday","workinghrs":"07:00am to 11:00pm"},{"atmId":"AMUM90521111111","branchName":null,"city":"MUMBAI SUBURBAN","latitude":"19.06179","longitude":"72.89401","location":"SHELL COLONY","address":"shop no. 18, raga chs, shell colony, chembur","distance":"2.331242642262546","status":true,"pincode":null,"workingdays":"Monday to Sunday","workinghrs":"07:00am to 11:00pm"},{"atmId":"WMUM40901111111","branchName":null,"city":"MUMBAI SUBURBAN","latitude":"19.0959","longitude":"72.886619","location":"SAKINAKA","address":"SAKINAKA, GALA NO 15, MITTAL IND ESTATE, SANJAY BLDG 2, ANDHERI KURLA RD, MUM-400059","distance":"2.403079636465464","status":true,"pincode":null,"workingdays":"Monday to Sunday","workinghrs":"07:00am to 11:00pm"},{"atmId":"NMUM25011111111","branchName":null,"city":"MUMBAI SUBURBAN","latitude":"19.05314","longitude":"72.87084","location":"CHUNNABHATIEAST","address":"MAITRI SHOPPIG CENTRE , SHOP NO 10 , V N PURAV MARG , SION CHUNNABATHI (EAST)","distance":"2.6421806044257057","status":true,"pincode":null,"workingdays":"Monday to Sunday","workinghrs":"07:00am to 11:00pm"},{"atmId":"NMUM90011111111","branchName":null,"city":"MUMBAI SUBURBAN","latitude":"19.05305","longitude":"72.87083","location":"CHUNNABHATI EAST II","address":"maitri shopping centre, shop no. 10, v n purav marg, sion","distance":"2.6520957659744573","status":true,"pincode":null,"workingdays":"Monday to Sunday","workinghrs":"07:00am to 11:00pm"},{"atmId":"WMUM23401111111","branchName":null,"city":"MUMBAI SUBURBAN","latitude":"19.05957","longitude":"72.89849","location":"STATIONRDCHEMBUR","address":"Union Bank of India, Chembur Branch, Buillding no A, My Mother Co-operative Housing Society Ltd, Plo","distance":"2.848067131161746","status":true,"pincode":null,"workingdays":"Monday to Sunday","workinghrs":"07:00am to 11:00pm"},{"atmId":"AMUM00301111111","branchName":null,"city":"MUMBAI SUBURBAN","latitude":"19.059569","longitude":"72.89849","location":"STATIONRDCHEMBUR","address":"Gr. Floor, Swastik Pride, D.K. Sandu Marg","distance":"2.84813846504085","status":true,"pincode":null,"workingdays":"Monday to Sunday","workinghrs":"07:00am to 11:00pm"},{"atmId":"WMUM24301111111","branchName":null,"city":"MUMBAI SUBURBAN","latitude":"19.08244","longitude":"72.9042","location":"GHATKOPAREAST","address":"Union Bank of India, Ghatkopar East Br., Nyal Smruti, Anjuriawadi, M G Road, Ghatkopar East, Mumbai","distance":"2.8753942292658072","status":true,"pincode":null,"workingdays":"Monday to Sunday","workinghrs":"07:00am to 11:00pm"},{"atmId":"AMUM00901111111","branchName":null,"city":"MUMBAI SUBURBAN","latitude":"19.08832","longitude":"72.90243","location":"GHATKOPARWESTBR","address":"Site & Br. Address : Union Bank of India, Ghatkopar West","distance":"2.9377164024358873","status":true,"pincode":null,"workingdays":"Monday to Sunday","workinghrs":"07:00am to 11:00pm"},{"atmId":"WMUM17401111111","branchName":null,"city":"MUMBAI SUBURBAN","latitude":"19.08832","longitude":"72.90243","location":"GHATKOPARWESTBR","address":"Site Address : Shop No. 6, Ground Floor, Vikram Apartment, Delite CHS Ltd. New Manikal Estate, Sant","distance":"2.9377164024358873","status":true,"pincode":null,"workingdays":"Monday to Sunday","workinghrs":"07:00am to 11:00pm"},{"atmId":"WMUM28501111111","branchName":null,"city":"MUMBAI SUBURBAN","latitude":"19.074109","longitude":"72.90801","location":"GARODIANAGARBR","address":"149/156, garodia shopping centre, Ghatkopar East","distance":"3.1921911434081394","status":true,"pincode":null,"workingdays":"Monday to Sunday","workinghrs":"07:00am to 11:00pm"},{"atmId":"CBCN043940","branchName":"TURBHE-VASHI","city":"MUMBAI","latitude":"19.04596","longitude":"72.87755","location":"TURBHE-VASHI","address":"CORPORATIONBANK-TURBHE-VASHIMUMBAI,APMCMRKT,SCTR19,TURBHE-VASHI,NAVIMUMBAI,MAHARASHTRA","distance":"3.3403327975558743","status":true,"pincode":"400705","workingdays":"Monday to Sunday","workinghrs":"07:00am to 11:00pm"},{"atmId":"COBW327501","branchName":"MUMBAI-MAROLNAKA","city":"MUMBAI","latitude":"19.108113","longitude":"72.879506","location":"MUMBAI-MAROLNAKA","address":"CORPBANK-MUMBAI-MAROLNAKA,SILVERSATELLITE,METROSTATION,ANDHERI-KURLAROAD,MUMBAI,MAHARASHTRA","distance":"3.5758418792525237","status":true,"pincode":"400059","workingdays":"Monday to Sunday","workinghrs":"07:00am to 11:00pm"},{"atmId":"DMUM26501111111","branchName":null,"city":"MUMBAI SUBURBAN","latitude":"19.076949","longitude":"72.84241","location":"SANTACRUZ EAST","address":"SANTACRUZ E, SHOP B1-B3, SPRINT TIME CHS LTD, TPS NO 3, MUM-400055","distance":"3.7100725850137444","status":true,"pincode":null,"workingdays":"Monday to Sunday","workinghrs":"07:00am to 11:00pm"},{"atmId":"DMUM63161111111","branchName":null,"city":"MUMBAI SUBURBAN","latitude":"19.11098","longitude":"72.8713","location":"PANCHBUNGLOW,ANDHERIKURLAROAD","address":"BSNL STAFF QUARTERS COMPOUND, PANCH BUNGLOW, ANDHERI KURLA ROAD, ANDHERI (EAST), MUMBAI - 400069","distance":"3.9473065462608696","status":true,"pincode":null,"workingdays":"Monday to Sunday","workinghrs":"07:00am to 11:00pm"},{"atmId":"NMUM28211111111","branchName":null,"city":"MUMBAI SUBURBAN","latitude":"19.09745","longitude":"72.90769","location":"RIFLERANGEROAD","address":"SHOP NO 3,GELDA DHAM, GELDA NAGAR, GHATKOPAR (WEST),MUMBAI,MAHARASHTRA-400086","distance":"3.952242571718823","status":true,"pincode":null,"workingdays":"Monday to Sunday","workinghrs":"07:00am to 11:00pm"},{"atmId":"AMUM90721111111","branchName":null,"city":"MUMBAI SUBURBAN","latitude":"19.061569","longitude":"72.91266","location":"SHIVAJI NAGAR GOVANDI","address":"46/5, Shivajinagar, govandi, mumbai","distance":"4.009195987976253","status":true,"pincode":null,"workingdays":"Monday to Sunday","workinghrs":"07:00am to 11:00pm"},{"atmId":"COBW343401","branchName":"MUMBAI-SION","city":"MUMBAI","latitude":"19.041913","longitude":"72.865255","location":"MUMBAI-SION","address":"CORPORATIONBANK-MUMBAI-SION,KALPATROPOINT,ROADNO8NEARSIONCIRCLE,SION,MUMBAI,MAHARASHTRA","distance":"4.009632786440195","status":true,"pincode":"400022","workingdays":"Monday to Sunday","workinghrs":"07:00am to 11:00pm"},{"atmId":"N0588002","branchName":"GHATKOPAR (EAST)","city":"MUMBAI","latitude":"19.0949","longitude":"72.9109","location":"VIKRANT CIRCLE, GHATKOPAR EAST","address":"MUMBAI","distance":"4.072838808384491","status":true,"pincode":"421202","workingdays":"Monday to Sunday","workinghrs":"07:00am to 11:00pm"},{"atmId":"NMUM29811111111","branchName":null,"city":"MUMBAI","latitude":"19.04021","longitude":"72.86921","location":"PRATIKSHANAGAR","address":"L3/C, SHOP NO.9, SANKALP CHS., PRATIKSHA NAGAR, NEW MAHADA COLONY, SION EAST.MUMBAI-400022","distance":"4.078473226990506","status":true,"pincode":null,"workingdays":"Monday to Sunday","workinghrs":"07:00am to 11:00pm"},{"atmId":"WMUM41101111111","branchName":null,"city":"MUMBAI SUBURBAN","latitude":"19.077009","longitude":"72.837519","location":"SANTACRUZ(W)","address":"SANTACRUZ W, LA AVANTI, JN OF SV ROAD, SANTACRUZ W,MUM-400054","distance":"4.224048751322578","status":true,"pincode":null,"workingdays":"Monday to Sunday","workinghrs":"07:00am to 11:00pm"},{"atmId":"WMUM42301111111","branchName":null,"city":"MUMBAI SUBURBAN","latitude":"19.06796","longitude":"72.838179","location":"KHARBRANCH","address":"KHAR, PONKY PLAZA, 5TH RD, KHAR W, MUM-400052","distance":"4.248442290748513","status":true,"pincode":null,"workingdays":"Monday to Sunday","workinghrs":"07:00am to 11:00pm"},{"atmId":"WMUM25201111111","branchName":null,"city":"MUMBAI SUBURBAN","latitude":"19.07742","longitude":"72.83727","location":"DAHISAREAST","address":"Union Bank of India, Dahisar East Br., Near Dahisar Police Stn.,Shiv Om, Swami Vivekanand Road, Dahi","distance":"4.251653191492789","status":true,"pincode":null,"workingdays":"Monday to Sunday","workinghrs":"07:00am to 11:00pm"},{"atmId":"NMUM60761111111","branchName":null,"city":"MUMBAI SUBURBAN","latitude":"19.100819","longitude":"72.91115","location":"GHATKOPER(WEST)","address":"GHATKOPAR W BR, SHOP NO 3 4 5 USHA VILLA PLOT NO B2 AMRUTNAGAR GHATKOPAR W 400081","distance":"4.468905351501432","status":true,"pincode":null,"workingdays":"Monday to Sunday","workinghrs":"07:00am to 11:00pm"},{"atmId":"DMUM54501111111","branchName":null,"city":"MUMBAI","latitude":"19.03864","longitude":"72.861689","location":"SION EAST","address":"169/b, new sunita aptt, sion main road, sion","distance":"4.4821234537610675","status":true,"pincode":null,"workingdays":"Monday to Sunday","workinghrs":"07:00am to 11:00pm"},{"atmId":"OMUM01801111111","branchName":null,"city":"MUMBAI","latitude":"19.03864","longitude":"72.861689","location":"DHARAVIBRANCH","address":"82/h, gold field plaza, sion bandra link rd, mumbai","distance":"4.4821234537610675","status":true,"pincode":null,"workingdays":"Monday to Sunday","workinghrs":"07:00am to 11:00pm"},{"atmId":"W2589001","branchName":"VILE PARLE","city":"MUMBAI","latitude":"19.1031","longitude":"72.8455","location":"VILE PARLE","address":"MUMBAI","distance":"4.530904447836602","status":true,"pincode":"400063","workingdays":"Monday to Sunday","workinghrs":"07:00am to 11:00pm"},{"atmId":"CBCN146502","branchName":"MUMBAI-DHARAVIMFB","city":"MUMBAI","latitude":"19.040759","longitude":"72.85592","location":"MUMBAI-DHARAVIMFB","address":"CORPORATIONBANK-MUMBAIDHARAVI,INDIATANNERIES,2A,DHARAVIROAD,MAHIM(EAST),MUMBAI,MAHARASHTRA","distance":"4.538221741939698","status":true,"pincode":"400017","workingdays":"Monday to Sunday","workinghrs":"07:00am to 11:00pm"},{"atmId":"CBCN033420","branchName":"MUMBAI-KHAR","city":"MUMBAI","latitude":"19.0717","longitude":"72.8341","location":"MUMBAI-KHAR","address":"SHOPNO6,GROUNDFLOORMISHRAHOUSE,1ST&4TH,RAODJUNCTIONKHAR,WESTMUMBAI","distance":"4.606809263673583","status":true,"pincode":"400052","workingdays":"Monday to Sunday","workinghrs":"07:00am to 11:00pm"},{"atmId":"DMUM24401111111","branchName":null,"city":"MUMBAI SUBURBAN","latitude":"19.11762","longitude":"72.88006","location":"BHAVANINAGAR","address":"UNION BANK OF INDIA, BHAVANI NAGAR BR., JANIT CHS, GROUND FLOOR, BUILDING B, PLOT NO.18, BHAVANI NAG","distance":"4.634571789186326","status":true,"pincode":null,"workingdays":"Monday to Sunday","workinghrs":"07:00am to 11:00pm"},{"atmId":"CBCW082901","branchName":"MUMBAI-KANDIVALI(EAST)","city":"MUMBAI","latitude":"19.03617","longitude":"72.86418","location":"MUMBAI-KANDIVALI(EAST)","address":"CORPORATIONBANK-KANDIVALIEAST,SIRATWR,LOKHANDWALACMPLX,KNDVLI-E,MUMBAI,MAHARASHTRA","distance":"4.651264236134354","status":true,"pincode":"400101","workingdays":"Monday to Sunday","workinghrs":"07:00am to 11:00pm"},{"atmId":"DMUM80961111111","branchName":null,"city":"MUMBAI SUBURBAN","latitude":"19.10786","longitude":"72.84901","location":"TEJPALSCHEMEBRANCH","address":"TEJPAL SCHEME BR, TEJPAL SCHEME RD NO 3, VILE PARLE E, MUM-400057","distance":"4.651770396794148","status":true,"pincode":null,"workingdays":"Monday to Sunday","workinghrs":"07:00am to 11:00pm"},{"atmId":"WMUM26201111111","branchName":null,"city":"MUMBAI","latitude":"19.035139","longitude":"72.86631","location":"SIONEAST","address":"169/b, new sunita aptt, sion main road, Sion East","distance":"4.698594154863894","status":true,"pincode":null,"workingdays":"Monday to Sunday","workinghrs":"07:00am to 11:00pm"},{"atmId":"CBCN012040","branchName":"MUMBAI-BANDRA","city":"MUMBAI","latitude":"19.04864","longitude":"72.84303","location":"MUMBAI-BANDRA","address":"CORPORATIONBANK-BAITULSHARAF105HILLROAD,BANDRA,WESTMUMBAI","distance":"4.7468200511641605","status":true,"pincode":"400050","workingdays":"Monday to Sunday","workinghrs":"07:00am to 11:00pm"},{"atmId":"NMUM34311111111","branchName":null,"city":"MUMBAI SUBURBAN","latitude":"19.11921","longitude":"72.87597","location":"ANDHERIPSK","address":"THE GREAT OASIS, D-13, STREET 21, MIDC, ANDHERI (E), MUMBAI -400093","distance":"4.808170233506701","status":true,"pincode":null,"workingdays":"Monday to Sunday","workinghrs":"07:00am to 11:00pm"},{"atmId":"WMUM41501111111","branchName":null,"city":"MUMBAI SUBURBAN","latitude":"19.059499","longitude":"72.83528","location":"BANDRA-TURNERROADBRANCH","address":"TURNER ROAD, 191/192, LAXMI APT, BANDRA W, MUM-400050","distance":"4.820905649651093","status":true,"pincode":null,"workingdays":"Monday to Sunday","workinghrs":"07:00am to 11:00pm"},{"atmId":"DMUM54901111111","branchName":null,"city":"MUMBAI SUBURBAN","latitude":"19.059499","longitude":"72.83528","location":"BANDRA TURNER ROAD","address":"TURNER RD, 191/192, LAXMI APT,BANDRA TURNER RD,MUM-400050","distance":"4.820905649651093","status":true,"pincode":null,"workingdays":"Monday to Sunday","workinghrs":"07:00am to 11:00pm"},{"atmId":"CBCW213040","branchName":"MUMBAI-JUHU","city":"MUMBAI","latitude":"19.086034","longitude":"72.832804","location":"MUMBAI-JUHU","address":"CORPORATIONBANK-SADHANAEDUCATIONSOCIETY,JUHURELIEFROADSANTACRUZWEST,MUMBAIMAHARASHTRA","distance":"4.8480553203023655","status":true,"pincode":"400054","workingdays":"Monday to Sunday","workinghrs":"07:00am to 11:00pm"}]