[{"branchCode":"556921","postalCode":"421503","addressLine1":"DWARKADHISH NIVAS,DATA","addressLine2":"DATTA CHOWK,BELAVALI","addressLine3":null,"addressLine4":null,"category":"URBAN","channel":"NA","cityId":null,"city":"BADLAPUR","activeFlag":true,"contactNumber":"2512674726","district":"THANE","districtId":null,"emailId":"mobile.banking@unionbankofindia.bank","fgmoCode":"52170","fgmoName":"MUMBAI","ifscCode":"UBIN0556921","latitude":"19.173061","longitude":"73.232858","managerName":null,"branchName":"BADLAPUR (WEST) -THANE","postOffice":null,"roCode":"38330","roName":"MUMBAI-THANE","solId":"56920","state":"MAHARASHTRA","stateId":null,"subDistrict":null,"workingDays":"Monday to Friday, 1st, 3rd and 5th Saturday","workingHours":"10:00am to 4:00pm"},{"branchCode":"826812","postalCode":"421503","addressLine1":"SUBH PLAZA, NEAR MOHAN","addressLine2":"PALMS, SHIRGAON-421503","addressLine3":null,"addressLine4":null,"category":"URBAN","channel":"NA","cityId":null,"city":"SHIRGUPPI","activeFlag":true,"contactNumber":"0251-2695599","district":"THANE","districtId":null,"emailId":"mobile.banking@unionbankofindia.bank","fgmoCode":"52170","fgmoName":"MUMBAI","ifscCode":"UBIN0826812","latitude":"19.406971","longitude":"73.3915","managerName":null,"branchName":"SHIRGAON","postOffice":null,"roCode":"78520","roName":"MUMBAI-VASHI","solId":"26811","state":"MAHARASHTRA","stateId":null,"subDistrict":null,"workingDays":"Monday to Friday, 1st, 3rd and 5th Saturday","workingHours":"10:00am to 4:00pm"},{"branchCode":"916528","postalCode":"421503","addressLine1":"SY.NO.32,HISSA 1,PLOT 2,SIDHYESHWAR","addressLine2":"PAVANAI BLDG,SHIVAJI CHOWK,KULGAON,","addressLine3":"BADLAPUR.TALUK:AMBERNATH,DIST:THANE","addressLine4":null,"category":"URBAN","channel":"NA","cityId":null,"city":"BADLAPUR","activeFlag":true,"contactNumber":"7710041652","district":"THANE","districtId":null,"emailId":"mobile.banking@unionbankofindia.bank","fgmoCode":"52170","fgmoName":"MUMBAI","ifscCode":"UBIN0916528","latitude":"19.161411","longitude":"73.2385","managerName":null,"branchName":"BADLAPUR (EAST) -THANE","postOffice":null,"roCode":"38330","roName":"MUMBAI-THANE","solId":"16522","state":"MAHARASHTRA","stateId":null,"subDistrict":null,"workingDays":"Monday to Friday, 1st, 3rd and 5th Saturday","workingHours":"10:00am to 4:00pm"},{"branchCode":"826821","postalCode":"421503","addressLine1":"NO 001&002,TULSI SANKA","addressLine2":"LP,VANGANI(EAST)","addressLine3":null,"addressLine4":null,"category":"SEMI-URBAN","channel":"NA","cityId":null,"city":"THANE","activeFlag":true,"contactNumber":"0251-2660200","district":"THANE","districtId":null,"emailId":"mobile.banking@unionbankofindia.bank","fgmoCode":"52170","fgmoName":"MUMBAI","ifscCode":"UBIN0826821","latitude":"19.09286","longitude":"73.297175","managerName":null,"branchName":"VANGANI","postOffice":null,"roCode":"38330","roName":"MUMBAI-THANE","solId":"26821","state":"MAHARASHTRA","stateId":null,"subDistrict":null,"workingDays":"Monday to Friday, 1st, 3rd and 5th Saturday","workingHours":"10:00am to 4:00pm"},{"branchCode":"579530","postalCode":"421503","addressLine1":"A.P. CHARGAON, TALUKA-AMBERNATH, CHARGAON","addressLine2":null,"addressLine3":"DISTT-THANE","addressLine4":null,"category":"RURAL","channel":"NA","cityId":null,"city":"AMBERNATH","activeFlag":true,"contactNumber":"8677032278","district":"THANE","districtId":null,"emailId":"mobile.banking@unionbankofindia.bank","fgmoCode":"52170","fgmoName":"MUMBAI","ifscCode":"UBIN0579530","latitude":"19.182521","longitude":"73.192603","managerName":null,"branchName":"CHARGAON","postOffice":null,"roCode":"38330","roName":"MUMBAI-THANE","solId":"79530","state":"MAHARASHTRA","stateId":null,"subDistrict":null,"workingDays":"Monday to Friday, 1st, 3rd and 5th Saturday","workingHours":"10:00am to 4:00pm"}]